title,selftext,subreddit
finding cannabis,finding cannabis,nyc
parking meter side across street,parking meter side across street,nyc
upper west side breakfast bagel recommendation,upper west side breakfast bagel recommendation,nyc
blessing hand blessed hand food homeless scam,blessing hand blessed hand food homeless scam,nyc
outside thing yorker consider leave,outside thing yorker consider leave,nyc
introduce enforce honking fine,introduce enforce honking fine,nyc
auditioning,auditioning,nyc
stay date march protest,stay date march protest,nyc
mobile plan tourist,mobile plan tourist,nyc
im journalism major writing report math,im journalism major writing report math,nyc
diving comedy,diving comedy,nyc
doe else remember huge nedicks orange neon man ave near st maybe nd st,doe else remember huge nedicks orange neon man ave near st maybe nd st,nyc
doe take donation plastic utensil maybe shelter food pantry,doe take donation plastic utensil maybe shelter food pantry,nyc
shopping rain boot,shopping rain boot,nyc
getting charged much house cleaning,getting charged much house cleaning,nyc
train idly wait stop door open minute next stop,train idly wait stop door open minute next stop,nyc
nacho,nacho,nyc
live k year,live k year,nyc
manhattan club accept serve alcohol,manhattan club accept serve alcohol,nyc
artist band want music,artist band want music,nyc
think escalating war iran make target,think escalating war iran make target,nyc
clueless international student wondering cell service provider bronx,clueless international student wondering cell service provider bronx,nyc
e r f train service manhattan queen right period,e r f train service manhattan queen right period,nyc
view skyline,view skyline,nyc
french ppl buy french book translated english,french ppl buy french book translated english,nyc
pop ues,pop ues,nyc
spending february,spending february,nyc
jfk terminal waiting check,jfk terminal waiting check,nyc
safe right,safe right,nyc
vehicle collision bus pa turnpike,vehicle collision bus pa turnpike,nyc
lower manhattan street closure travel restriction brooklyn bridge,lower manhattan street closure travel restriction brooklyn bridge,nyc
hey british tea scone,hey british tea scone,nyc
patsy harlem still pizza,patsy harlem still pizza,nyc
fly fishing,fly fishing,nyc
ketchup pizza,ketchup pizza,nyc
jewish solidarity march looked kkk rally black brown face crowd marcher displayed zionist oppression symbol spoke openly hating gentile,jewish solidarity march looked kkk rally black brown face crowd marcher displayed zionist oppression symbol spoke openly hating gentile,nyc
helping bk mom rebuild life post cancer treatment,helping bk mom rebuild life post cancer treatment,nyc
join,join,nyc
single male childfree,single male childfree,nyc
post office clerk circle qr code receipt,post office clerk circle qr code receipt,nyc
jew real white supremacist attended jewish solidarity rally brooklyn bridge looked klan rally thought could spout racist shit front look jewish slink away coward confronted,jew real white supremacist attended jewish solidarity rally brooklyn bridge looked klan rally thought could spout racist shit front look jewish slink away coward confronted,nyc
jew real white supremacist attended jewish solidarity rally brooklyn bridge looked clu clux clan rally thought could spout racist shit front look jewish slink away coward confronted,jew real white supremacist attended jewish solidarity rally brooklyn bridge looked clu clux clan rally thought could spout racist shit front look jewish slink away coward confronted,nyc
else sick reading secret rooftop williamsburg incredible view,else sick reading secret rooftop williamsburg incredible view,nyc
shoe wear walk around bigass,shoe wear walk around bigass,nyc
name equity lawmaker seek create gentrification tax aka tax white property purchaser lawmaker want impose gentrification tax post december thing unites local pol across political divide gentrification tax bipa,name equity lawmaker seek create gentrification tax aka tax white property purchaser lawmaker want impose gentrification tax post december thing unites local pol across political divide gentrification tax bipa,nyc
organize lan party month venue,organize lan party month venue,nyc
could columbus circle become modern roundabout,could columbus circle become modern roundabout,nyc
fellow anti war nycers,fellow anti war nycers,nyc
feel abt attack jew recently,feel abt attack jew recently,nyc
native yorker week job total loss occupy,native yorker week job total loss occupy,nyc
queen public library,queen public library,nyc
watching black hate jew propaganda sub,watching black hate jew propaganda sub,nyc
pant subway ride sunday january,pant subway ride sunday january,nyc
bec bodega,bec bodega,nyc
basketball open gym,basketball open gym,nyc
happened nypd crown victoria,happened nypd crown victoria,nyc
,,nyc
coming whole week japanese gift store cute toy something related gudetama niece,coming whole week japanese gift store cute toy something related gudetama niece,nyc
major delay e f r train morning,major delay e f r train morning,nyc
thought bloomberg campaign,thought bloomberg campaign,nyc
man cornered subway platform stole coffee right hand,man cornered subway platform stole coffee right hand,nyc
long rockefeller tree,long rockefeller tree,nyc
lyft shared ride route algorithm horrible compared via,lyft shared ride route algorithm horrible compared via,nyc
app event,app event,nyc
prefer ridesharing,prefer ridesharing,nyc
brooklyn street sweeper,brooklyn street sweeper,nyc
botanical garden train show,botanical garden train show,nyc
rollerskate,rollerskate,nyc
long shot bag lost containing important document,long shot bag lost containing important document,nyc
bar club brooklyn scan,bar club brooklyn scan,nyc
way contact manhattan juror office,way contact manhattan juror office,nyc
cuny wide fraternity effort take much support,cuny wide fraternity effort take much support,nyc
everything wanted divorce afraid ask,everything wanted divorce afraid ask,nyc
found engagement ring lost tribeca,found engagement ring lost tribeca,nyc
found plastic love keychain train,found plastic love keychain train,nyc
crooked landlord refusing return security deposit,crooked landlord refusing return security deposit,nyc
small restaurant somewhat secluded seating,small restaurant somewhat secluded seating,nyc
attention,attention,nyc
last hope lost bag,last hope lost bag,nyc
loud noise brooklyn,loud noise brooklyn,nyc
girlfriend,girlfriend,nyc
nyu freelance graphic designer,nyu freelance graphic designer,nyc
wife moving couple year,wife moving couple year,nyc
dealing landlord apartment break,dealing landlord apartment break,nyc
got fist fight sister doe live pushed street incoming traffic feel bad friend saw happening called cop,got fist fight sister doe live pushed street incoming traffic feel bad friend saw happening called cop,nyc
coming thurs recs pizza joint uws,coming thurs recs pizza joint uws,nyc
became victim wage theft utter disbelief,became victim wage theft utter disbelief,nyc
help others food,help others food,nyc
privacy act,privacy act,nyc
cellino v barnes casual review spoiler,cellino v barnes casual review spoiler,nyc
doe letitia james history truly going landlord since ag,doe letitia james history truly going landlord since ag,nyc
option getting lease finding subleaser,option getting lease finding subleaser,nyc
democratic rally,democratic rally,nyc
free ticket code summit learn build without code january nd,free ticket code summit learn build without code january nd,nyc
interesting thing manhattan local yorkers tourist trap unless really legitimate,interesting thing manhattan local yorkers tourist trap unless really legitimate,nyc
subway rant,subway rant,nyc
wind advisory pm,wind advisory pm,nyc
removing popcorn ceiling renting,removing popcorn ceiling renting,nyc
proper way ask help without trying scam somebody insane,proper way ask help without trying scam somebody insane,nyc
visiting tomorrow broadway show trying figure parking,visiting tomorrow broadway show trying figure parking,nyc
club,club,nyc
oh fuck,oh fuck,nyc
importance hearing subway announcement inversely proportional clarity,importance hearing subway announcement inversely proportional clarity,nyc
moving k bank account,moving k bank account,nyc
high quality barber push hairline back,high quality barber push hairline back,nyc
learn sign free cheaply adult,learn sign free cheaply adult,nyc
doe seem worse lately else especially crime homeless problem,doe seem worse lately else especially crime homeless problem,nyc
lost black trifold wallet train,lost black trifold wallet train,nyc
notice fast,notice fast,nyc
delay rfk bridge manhattan,delay rfk bridge manhattan,nyc
please ask letting someone dog subway,please ask letting someone dog subway,nyc
cheap yoga near washington height,cheap yoga near washington height,nyc
found pet rabbit escaped released jamaica fresh meadow border xpost r queen,found pet rabbit escaped released jamaica fresh meadow border xpost r queen,nyc
lost black patagonia backpack train tuesday,lost black patagonia backpack train tuesday,nyc
,,nyc
construction scaffolding licensing fee,construction scaffolding licensing fee,nyc
assaulted subway f train,assaulted subway f train,nyc
recycling toaster oven,recycling toaster oven,nyc
getting driver license really take old,getting driver license really take old,nyc
phd student therapist,phd student therapist,nyc
bachelorette party help,bachelorette party help,nyc
alone feeling sad,alone feeling sad,nyc
doe anybody happened goodyear blimp,doe anybody happened goodyear blimp,nyc
lost wallet gifted grandfather getting notification trying use card nypd help idea,lost wallet gifted grandfather getting notification trying use card nypd help idea,nyc
run old acquaintance,run old acquaintance,nyc
subway implement camera inside train car,subway implement camera inside train car,nyc
st white castle,st white castle,nyc
con ed meter lock,con ed meter lock,nyc
liquiteria appears called quits,liquiteria appears called quits,nyc
long take air around lower manhattan safe breathe,long take air around lower manhattan safe breathe,nyc
rockefeller center ice rink open,rockefeller center ice rink open,nyc
suggestion interesting sfw group activity,suggestion interesting sfw group activity,nyc
stray cat cry night,stray cat cry night,nyc
fort greene safety,fort greene safety,nyc
headhunter career counselor nj,headhunter career counselor nj,nyc
training program u,training program u,nyc
thought omny service,thought omny service,nyc
dead east village shooting,dead east village shooting,nyc
hard le bain,hard le bain,nyc
something im thinking,something im thinking,nyc
make parking lot motorcycle car bronx,make parking lot motorcycle car bronx,nyc
networking,networking,nyc
dental cleaning downtown brooklyn,dental cleaning downtown brooklyn,nyc
wag dog first feigned impeachment hearing meant obstruct attack iranian iraq trying distract amp cover retain power billion bribe highest office country oo death child rape prove loyalty see latest,wag dog first feigned impeachment hearing meant obstruct attack iranian iraq trying distract amp cover retain power billion bribe highest office country oo death child rape prove loyalty see latest,nyc
filming,filming,nyc
baseball,baseball,nyc
jazmin found credit card,jazmin found credit card,nyc
coned insane pricing possible,coned insane pricing possible,nyc
doe law state workplace cannot deny person schedule change due school,doe law state workplace cannot deny person schedule change due school,nyc
shotgun rifle permit,shotgun rifle permit,nyc
breaking ad forced watch connect mta wifi longer chicago,breaking ad forced watch connect mta wifi longer chicago,nyc
globalfest help,globalfest help,nyc
moving summer,moving summer,nyc
free adult educational tour sims municipal recycling facility sunset park brooklyn,free adult educational tour sims municipal recycling facility sunset park brooklyn,nyc
come live unless willing lucky eb white lucky,come live unless willing lucky eb white lucky,nyc
outside delivery freezing temp lip feel boutta fall,outside delivery freezing temp lip feel boutta fall,nyc
local chinese food,local chinese food,nyc
gf planning summer trip much save,gf planning summer trip much save,nyc
cute dumpling,cute dumpling,nyc
influx helicopter,influx helicopter,nyc
living inner resident australia asking,living inner resident australia asking,nyc
biggest consequence awful governance residential commercial development job existing job moving directly across river nj,biggest consequence awful governance residential commercial development job existing job moving directly across river nj,nyc
psa hey hipster keep freaking pitbulls subway,psa hey hipster keep freaking pitbulls subway,nyc
move stature liberty elli island another island,move stature liberty elli island another island,nyc
fran drescher rachel bloom develop nanny broadway musical,fran drescher rachel bloom develop nanny broadway musical,nyc
e waste pick,e waste pick,nyc
trail cam wood,trail cam wood,nyc
moving,moving,nyc
else feel tremble,else feel tremble,nyc
bus app,bus app,nyc
lab grown diamond,lab grown diamond,nyc
repost schizophrenia research study,repost schizophrenia research study,nyc
wife want donate cause christmas eve christmas suggestion appreciated,wife want donate cause christmas eve christmas suggestion appreciated,nyc
traffic trip christmas,traffic trip christmas,nyc
mailed letter queen brooklyn received first taken letter almost two week mile intra postal service always questionable,mailed letter queen brooklyn received first taken letter almost two week mile intra postal service always questionable,nyc
filming washington square park,filming washington square park,nyc
bad idea,bad idea,nyc
immersive theater,immersive theater,nyc
thread manhattan,thread manhattan,nyc
fuck moment subway hardened ignore shit see mind business sometimes shit pop next level name bounced intervened spoke something crazy ignore,fuck moment subway hardened ignore shit see mind business sometimes shit pop next level name bounced intervened spoke something crazy ignore,nyc
observation,observation,nyc
dude airpods fell st,dude airpods fell st,nyc
job,job,nyc
space swapping parking drama,space swapping parking drama,nyc
sb ticket inspector announcement,sb ticket inspector announcement,nyc
quentin friend,quentin friend,nyc
plug,plug,nyc
exchange currency,exchange currency,nyc
else lonely,else lonely,nyc
guy make cool short video,guy make cool short video,nyc
shitty cooky mafia,shitty cooky mafia,nyc
doe trippy advertisement playing wtc oculus,doe trippy advertisement playing wtc oculus,nyc
want say love street car ban law hope hey keep forever,want say love street car ban law hope hey keep forever,nyc
party tonight avenue,party tonight avenue,nyc
real yorker seen ball drop person,real yorker seen ball drop person,nyc
norma found wallet,norma found wallet,nyc
metrocard,metrocard,nyc
subway mta leave lot desired think deserve credit something right,subway mta leave lot desired think deserve credit something right,nyc
downtown salad park pl broadway hall,downtown salad park pl broadway hall,nyc
mtm suit manhattan,mtm suit manhattan,nyc
hey subway passenger,hey subway passenger,nyc
favorite pizza joint,favorite pizza joint,nyc
return refund brook brother,return refund brook brother,nyc
doe official alcoholic drink,doe official alcoholic drink,nyc
con edison help,con edison help,nyc
metro card machine last stop bus route,metro card machine last stop bus route,nyc
given choice south park staten island would rather live,given choice south park staten island would rather live,nyc
receiving eligible receive monthly retirement allowance pension check commonwealth massachusetts county town political subdivision within massachusetts,receiving eligible receive monthly retirement allowance pension check commonwealth massachusetts county town political subdivision within massachusetts,nyc
redfarm restaurant dish,redfarm restaurant dish,nyc
shop palestinian gift,shop palestinian gift,nyc
sugar free option,sugar free option,nyc
full endless possibility contagious energy,full endless possibility contagious energy,nyc
post infamous spitting lady back,post infamous spitting lady back,nyc
doe anybody remember man,doe anybody remember man,nyc
hear super loud rumbling sound ues bunnnnch siren,hear super loud rumbling sound ues bunnnnch siren,nyc
ride pa,ride pa,nyc
parking school except saturday,parking school except saturday,nyc
see man flicking lighter subway,see man flicking lighter subway,nyc
help direction,help direction,nyc
electronic thrift store,electronic thrift store,nyc
razor found nypd officer sandwich,razor found nypd officer sandwich,nyc
bar similar continental,bar similar continental,nyc
mandarin patinkin wikipedia article,mandarin patinkin wikipedia article,nyc
tf move junior online college,tf move junior online college,nyc
way look construction project thinking fuckery afoot,way look construction project thinking fuckery afoot,nyc
much per hour person k annual salary take home tax,much per hour person k annual salary take home tax,nyc
recommendation quality larger size bra store manhattan brooklyn,recommendation quality larger size bra store manhattan brooklyn,nyc
poppenhusen library,poppenhusen library,nyc
psa pc richard allow return large tv box opened,psa pc richard allow return large tv box opened,nyc
worked success academy charter school interview soon concern,worked success academy charter school interview soon concern,nyc
bike route,bike route,nyc
tattoo artist friday flash sale,tattoo artist friday flash sale,nyc
lost blue purse,lost blue purse,nyc
christmas,christmas,nyc
outside park rental car coming portland,outside park rental car coming portland,nyc
coffee shop around penn station work besides starbucks,coffee shop around penn station work besides starbucks,nyc
lost blue purse book amp apartment key,lost blue purse book amp apartment key,nyc
watch aj ruiz fight,watch aj ruiz fight,nyc
christmas eve,christmas eve,nyc
free drink bartender,free drink bartender,nyc
post apocalyptic mobile ar game,post apocalyptic mobile ar game,nyc
eat bar commute visiting help,eat bar commute visiting help,nyc
someone recommend puerto rican bakery,someone recommend puerto rican bakery,nyc
plaza hotel christmas tree,plaza hotel christmas tree,nyc
swede considering moving,swede considering moving,nyc
coffee shop open hour brooklyn,coffee shop open hour brooklyn,nyc
hook pre rolled joint square,hook pre rolled joint square,nyc
irish potato soup manhattan,irish potato soup manhattan,nyc
wierdo peeper,wierdo peeper,nyc
connection w snl nbc,connection w snl nbc,nyc
breather,breather,nyc
subreddit ask recommendation visiting living,subreddit ask recommendation visiting living,nyc
tried flixbus boston,tried flixbus boston,nyc
lost car key uws,lost car key uws,nyc
free event kid,free event kid,nyc
ping pong pop december free food drink purchase ticket,ping pong pop december free food drink purchase ticket,nyc
thing pop ups free food exclusive event,thing pop ups free food exclusive event,nyc
doe bar showing uk election coverage thursday,doe bar showing uk election coverage thursday,nyc
really become twat,really become twat,nyc
bushwick loft party,bushwick loft party,nyc
injury attorney,injury attorney,nyc
queen isp service especially first year,queen isp service especially first year,nyc
monk,monk,nyc
beach near lemon creek staten island,beach near lemon creek staten island,nyc
first apartment touring tomorrow red flag definitely look,first apartment touring tomorrow red flag definitely look,nyc
fun wedding,fun wedding,nyc
help slanted floor bedroom,help slanted floor bedroom,nyc
wondering could necessity,wondering could necessity,nyc
please help class project,please help class project,nyc
got video crackhead n train astoria ditmars rn,got video crackhead n train astoria ditmars rn,nyc
dancing,dancing,nyc
old joke staten island,old joke staten island,nyc
oscar v healthfirst,oscar v healthfirst,nyc
ridgewood queen safe,ridgewood queen safe,nyc
taking film trip december nd,taking film trip december nd,nyc
rent price,rent price,nyc
midtown sit read book use laptop,midtown sit read book use laptop,nyc
spend awesome night spend,spend awesome night spend,nyc
also assaulted hammer union square l train,also assaulted hammer union square l train,nyc
assaulted hammer l train,assaulted hammer l train,nyc
korea town,korea town,nyc
halva bagel amp lox brooklyn,halva bagel amp lox brooklyn,nyc
schitt creek pop ticket release,schitt creek pop ticket release,nyc
cheap dental care student dentist nyu college dentistry,cheap dental care student dentist nyu college dentistry,nyc
haircut tipping,haircut tipping,nyc
nyct paygo recover,nyct paygo recover,nyc
garment district fabric advice,garment district fabric advice,nyc
father also buttslammer russell westbrook story,father also buttslammer russell westbrook story,nyc
selling pixy ticket tonight make anymore,selling pixy ticket tonight make anymore,nyc
climate change happens waterfront community doe affect population decline,climate change happens waterfront community doe affect population decline,nyc
mob neighborhood safest offer quality life,mob neighborhood safest offer quality life,nyc
psa tonight golf umbrella jump front train preferably rush hour,psa tonight golf umbrella jump front train preferably rush hour,nyc
doe anything varick street bum,doe anything varick street bum,nyc
cop arrest,cop arrest,nyc
doe anything group facetime call keep receiving throughout daily basis,doe anything group facetime call keep receiving throughout daily basis,nyc
sub full asshole,sub full asshole,nyc
medium speak recycle er,medium speak recycle er,nyc
crowded subway step morning far along stop route,crowded subway step morning far along stop route,nyc
sale x ticket frozen broadway thurs dec,sale x ticket frozen broadway thurs dec,nyc
want local item mexico,want local item mexico,nyc
sale x ticket christmas spectacular starring radio rockettes,sale x ticket christmas spectacular starring radio rockettes,nyc
year eve black tie celebration budget,year eve black tie celebration budget,nyc
went inside porn theater king highway,went inside porn theater king highway,nyc
president sec state amp defense fbi director u atty general supreme court justice house speaker senator governor mayor local police bribed protect child rapist wtf proof put away,president sec state amp defense fbi director u atty general supreme court justice house speaker senator governor mayor local police bribed protect child rapist wtf proof put away,nyc
happens nypd truancy van pick skipping school,happens nypd truancy van pick skipping school,nyc
going east village lot fire engine smell smoke,going east village lot fire engine smell smoke,nyc
feel matter parent antonio williams man killed police demand answer nypd de blasio,feel matter parent antonio williams man killed police demand answer nypd de blasio,nyc
gourmet grocery store,gourmet grocery store,nyc
busmanity com charter bus amp limo company booking service instant rate jersey lond island,busmanity com charter bus amp limo company booking service instant rate jersey lond island,nyc
subway emergency brake,subway emergency brake,nyc
moving soon selling macbook pro locally,moving soon selling macbook pro locally,nyc
local buy ship exclusive allbirds desperate texas guy,local buy ship exclusive allbirds desperate texas guy,nyc
many think masturbate window island manhattan daily basis,many think masturbate window island manhattan daily basis,nyc
since thanksgiving daily ritual listen woman complain heat crowd wearing jacket til lunch,since thanksgiving daily ritual listen woman complain heat crowd wearing jacket til lunch,nyc
male strip club set show,male strip club set show,nyc
smoking crack subway,smoking crack subway,nyc
hard sleep,hard sleep,nyc
anniversary restaurant,anniversary restaurant,nyc
going back yellow cab instead uber lyft,going back yellow cab instead uber lyft,nyc
doe rubber room ama,doe rubber room ama,nyc
clean chinese restaurant close le year racism controversy,clean chinese restaurant close le year racism controversy,nyc
krispy kreme better dd,krispy kreme better dd,nyc
scent rockefeller center,scent rockefeller center,nyc
key fob payment,key fob payment,nyc
beetlejuice announces final broadway show,beetlejuice announces final broadway show,nyc
year eve music amp art festival claptone amp shiba san,year eve music amp art festival claptone amp shiba san,nyc
volunteering xmas,volunteering xmas,nyc
police ticketed using phone driving even though,police ticketed using phone driving even though,nyc
net v er ticket sale,net v er ticket sale,nyc
broadway lafayette station interviewer,broadway lafayette station interviewer,nyc
wtf going jersey right,wtf going jersey right,nyc
thanking fantastic,thanking fantastic,nyc
alone year eve pm want adventure,alone year eve pm want adventure,nyc
south bend indiana mayor political comer peter buttgieg rape amp kill five boy buffalo january buttgieg make child eat feces point gov andrew cuomo amp mayor bill deblasio present also kick rape party complete uncut audio,south bend indiana mayor political comer peter buttgieg rape amp kill five boy buffalo january buttgieg make child eat feces point gov andrew cuomo amp mayor bill deblasio present also kick rape party complete uncut audio,nyc
sister jeweler little italy vendor,sister jeweler little italy vendor,nyc
film shooting ridgewood week,film shooting ridgewood week,nyc
want avoid gentrification would,want avoid gentrification would,nyc
hangout luggage,hangout luggage,nyc
pooyork,pooyork,nyc
rikers island report mckinsey bogus data propublica,rikers island report mckinsey bogus data propublica,nyc
pooyork,pooyork,nyc
way around manhattan,way around manhattan,nyc
pooyork,pooyork,nyc
pooyork,pooyork,nyc
sell comic,sell comic,nyc
careful homeless,careful homeless,nyc
voter database electronic,voter database electronic,nyc
year old visiting alone,year old visiting alone,nyc
commuting nj getting,commuting nj getting,nyc
found wallet,found wallet,nyc
england qb tom brady amp wife giselle visit buffalo january rape boy brady return three later rape chicago bear qb mitchell trubisky raping boy also full audio event,england qb tom brady amp wife giselle visit buffalo january rape boy brady return three later rape chicago bear qb mitchell trubisky raping boy also full audio event,nyc
open mic karaoke,open mic karaoke,nyc
dear live manhattan outerborughs train connection car shut,dear live manhattan outerborughs train connection car shut,nyc
moving,moving,nyc
noticed lot brooklyn landlord rent white tenant anything,noticed lot brooklyn landlord rent white tenant anything,nyc
paradoxity pop gallery,paradoxity pop gallery,nyc
anybody strong opinion prop budget,anybody strong opinion prop budget,nyc
black crime highest subway,black crime highest subway,nyc
buy pepper spray,buy pepper spray,nyc
webster hall late night,webster hall late night,nyc
sharing big google sheet restaurant rate w,sharing big google sheet restaurant rate w,nyc
audio president donald j trump demand four billion dollar bribe child rapist take blind eye january becomes january,audio president donald j trump demand four billion dollar bribe child rapist take blind eye january becomes january,nyc
weekend square,weekend square,nyc
ballot item result,ballot item result,nyc
homeless crazy compared decade ago,homeless crazy compared decade ago,nyc
would someone want non refillable empty metrocard,would someone want non refillable empty metrocard,nyc
relationship really hard,relationship really hard,nyc
felt compelled share,felt compelled share,nyc
see guy screaming front starbucks court st awful,see guy screaming front starbucks court st awful,nyc
selling three ticket caamp brooklyn steel,selling three ticket caamp brooklyn steel,nyc
found glass train,found glass train,nyc
precinct reporting ranked choice voting become law point,precinct reporting ranked choice voting become law point,nyc
guy wanna call train,guy wanna call train,nyc
understanding address work,understanding address work,nyc
doe want hang,doe want hang,nyc
proposing rockefeller ice rink video,proposing rockefeller ice rink video,nyc
black homeownership rate lower white homeownership rate,black homeownership rate lower white homeownership rate,nyc
fart subway train,fart subway train,nyc
employment con edison,employment con edison,nyc
retail space rent,retail space rent,nyc
fare fight house party,fare fight house party,nyc
dog bite dog inside dog park within,dog bite dog inside dog park within,nyc
living tudor,living tudor,nyc
doe wanna help navigate friend,doe wanna help navigate friend,nyc
parking receipt needed,parking receipt needed,nyc
oculus path rant,oculus path rant,nyc
tell train uptown downtown,tell train uptown downtown,nyc
recommendation mover brooklyn,recommendation mover brooklyn,nyc
playing music speaker subway,playing music speaker subway,nyc
anywhere buy xiaomi phone,anywhere buy xiaomi phone,nyc
found dropped airpods street f station lost tuesday nov around pm,found dropped airpods street f station lost tuesday nov around pm,nyc
clairo show tonight,clairo show tonight,nyc
brazilian wax guy midtown,brazilian wax guy midtown,nyc
favorite restaurant eaten lately,favorite restaurant eaten lately,nyc
career requiring bachelor degree pay well exclusive,career requiring bachelor degree pay well exclusive,nyc
drs prescribe dexedrine desoxyn,drs prescribe dexedrine desoxyn,nyc
power supplier use,power supplier use,nyc
package stolen lobby,package stolen lobby,nyc
connection doe epstein kushner ivanka elite ramaz high school,connection doe epstein kushner ivanka elite ramaz high school,nyc
connection doe epstein ivanka kushner madoff ramaz high school,connection doe epstein ivanka kushner madoff ramaz high school,nyc
audio president donald j trump demanding billion dollar bribe child rapist take blind eye january trump becomes january also big reason major network report,audio president donald j trump demanding billion dollar bribe child rapist take blind eye january trump becomes january also big reason major network report,nyc
pizza spot,pizza spot,nyc
paid opinion study receive,paid opinion study receive,nyc
escape,escape,nyc
name top ten manhattan steakhouse,name top ten manhattan steakhouse,nyc
audio president donald j trump demanding billion dollar bribe child rapist take blind eye january trump becomes january also big reason major network report,audio president donald j trump demanding billion dollar bribe child rapist take blind eye january trump becomes january also big reason major network report,nyc
nypd fuck,nypd fuck,nyc
cheap honey,cheap honey,nyc
puerto rican west indie parade permanently banned,puerto rican west indie parade permanently banned,nyc
doe q run garbage,doe q run garbage,nyc
renting,renting,nyc
working paulus hook jersey live,working paulus hook jersey live,nyc
survey car owner enthusiast living westchester,survey car owner enthusiast living westchester,nyc
apache,apache,nyc
suggestion thing,suggestion thing,nyc
lounge seat msg live music concert,lounge seat msg live music concert,nyc
plan v reality renting apartment,plan v reality renting apartment,nyc
sell concert ticket,sell concert ticket,nyc
audio president trump demanding four billion dollar bribe child rapist take blind eye january trump becomes january also big reason major network report next pelosi involvement,audio president trump demanding four billion dollar bribe child rapist take blind eye january trump becomes january also big reason major network report next pelosi involvement,nyc
stuff around stand,stuff around stand,nyc
gift friend life,gift friend life,nyc
soundproof window,soundproof window,nyc
damn right stand comedy show ridgewood,damn right stand comedy show ridgewood,nyc
dermatologist brooklyn,dermatologist brooklyn,nyc
recommend cv writing coach un ngo job,recommend cv writing coach un ngo job,nyc
give undeniable feel,give undeniable feel,nyc
upcoming trip girlfriend end month staying uwc plan hitting borough non touristy recommendation local tip greatly appreciated thanks,upcoming trip girlfriend end month staying uwc plan hitting borough non touristy recommendation local tip greatly appreciated thanks,nyc
date idea,date idea,nyc
basement apartment public urination,basement apartment public urination,nyc
still without cooking gas month,still without cooking gas month,nyc
public transportation shuttle jfk rockland county,public transportation shuttle jfk rockland county,nyc
strip club,strip club,nyc
keep hearing pair gang called irish hood krazy drunken mix real,keep hearing pair gang called irish hood krazy drunken mix real,nyc
criminal mind let see jump bail donut,criminal mind let see jump bail donut,nyc
becky becky sleep rush hour train becky,becky becky sleep rush hour train becky,nyc
fundraiser pop comedy show network event,fundraiser pop comedy show network event,nyc
kid friendly watch ml cup,kid friendly watch ml cup,nyc
final date partner study abroad recommendation activity food,final date partner study abroad recommendation activity food,nyc
audio president trump demanding four billion dollar bribe child rapist take blind eye january trump becomes january also big reason major network report nancy pelosi involvement follows,audio president trump demanding four billion dollar bribe child rapist take blind eye january trump becomes january also big reason major network report nancy pelosi involvement follows,nyc
throw bar club near lower east side,throw bar club near lower east side,nyc
update golfer,update golfer,nyc
satisfying landlord karma,satisfying landlord karma,nyc
help,help,nyc
england qb tom brady wife giselle visit buffalo january rape boy tom brady gay anyway brady return three later rape kill bear qb trubisky dt mack blackhawks c pat kane raping boy also full audio event,england qb tom brady wife giselle visit buffalo january rape boy tom brady gay anyway brady return three later rape kill bear qb trubisky dt mack blackhawks c pat kane raping boy also full audio event,nyc
yorkers remember bloomberg mayoral run take,yorkers remember bloomberg mayoral run take,nyc
housing,housing,nyc
free enjoy finding deal airfare thought would share deal departing available moment,free enjoy finding deal airfare thought would share deal departing available moment,nyc
relocating jersey v brooklyn v queen,relocating jersey v brooklyn v queen,nyc
going mass protest front abc episteen cover,going mass protest front abc episteen cover,nyc
f alone bored wish could fun,f alone bored wish could fun,nyc
lost bag possession,lost bag possession,nyc
free join robinhood using link free stock worth,free join robinhood using link free stock worth,nyc
free thing,free thing,nyc
free health clinic,free health clinic,nyc
spot first snow,spot first snow,nyc
advice please month left lease,advice please month left lease,nyc
rate mta station crime panhandling,rate mta station crime panhandling,nyc
salon hair cut,salon hair cut,nyc
bus driver free program help obtain commercial driver license,bus driver free program help obtain commercial driver license,nyc
audio speaker house senator nancy pelosi accepting billion dollar bribe wealthy high profile child rapist safe passage asian boy border monterrey january senator charles schumer rape kill boy later afternoon,audio speaker house senator nancy pelosi accepting billion dollar bribe wealthy high profile child rapist safe passage asian boy border monterrey january senator charles schumer rape kill boy later afternoon,nyc
ice detaining questioning l train,ice detaining questioning l train,nyc
nypd protest,nypd protest,nyc
happened de blasio plan universal care bill,happened de blasio plan universal care bill,nyc
south bend indiana mayor political comer peter buttgieg rape kill five boy rape party buffalo january buttgieg make child eat feces point governor andrew cuomo mayor bill deblasio present also full audio,south bend indiana mayor political comer peter buttgieg rape kill five boy rape party buffalo january buttgieg make child eat feces point governor andrew cuomo mayor bill deblasio present also full audio,nyc
indoor rock climbing,indoor rock climbing,nyc
meet comfort zone come improv mindfulness workshop monday night detail post,meet comfort zone come improv mindfulness workshop monday night detail post,nyc
resident purchasing car nj private seller legally back register,resident purchasing car nj private seller legally back register,nyc
doe want ticket field medic concert brooklyn zone night,doe want ticket field medic concert brooklyn zone night,nyc
selling megabus ticket washington c friday november pm,selling megabus ticket washington c friday november pm,nyc
buying magen david manhattan,buying magen david manhattan,nyc
seem hate bloomberg,seem hate bloomberg,nyc
nice young bar lower manhattan meet,nice young bar lower manhattan meet,nyc
updated unemployment figure released november,updated unemployment figure released november,nyc
fucking radiator,fucking radiator,nyc
nicest nycha project,nicest nycha project,nyc
chef volunteer help cook soup kitchen,chef volunteer help cook soup kitchen,nyc
helicopter tour,helicopter tour,nyc
nypd seeking teen jumped turnstile stolen chalupas,nypd seeking teen jumped turnstile stolen chalupas,nyc
dakota building opened charged year large rental apartment,dakota building opened charged year large rental apartment,nyc
doe buy beef tongue,doe buy beef tongue,nyc
regarding bar hollywood rape culture,regarding bar hollywood rape culture,nyc
free wifi hotel lobby,free wifi hotel lobby,nyc
yet another reason de blasio end prison long,yet another reason de blasio end prison long,nyc
woman want see dating profile,woman want see dating profile,nyc
f chat potential meet,f chat potential meet,nyc
recommend hot dog,recommend hot dog,nyc
make platonic friend technological innovation advance would think would friend making apps way dating apps become mainstream idea,make platonic friend technological innovation advance would think would friend making apps way dating apps become mainstream idea,nyc
wing,wing,nyc
hi everyone gonna meeting guy midwest would show around nice general suggestion,hi everyone gonna meeting guy midwest would show around nice general suggestion,nyc
veteran plan join night comedy great cause,veteran plan join night comedy great cause,nyc
everyone critic,everyone critic,nyc
batting cage,batting cage,nyc
turnstile hopper,turnstile hopper,nyc
columbia university science honor program shp experience,columbia university science honor program shp experience,nyc
kind enjoyed watching police walk sb bus fine bunch decided pay fair,kind enjoyed watching police walk sb bus fine bunch decided pay fair,nyc
astoria bushwick,astoria bushwick,nyc
landlord stole security deposit,landlord stole security deposit,nyc
finally end jail corruption crime de blasio really hard schedule wise,finally end jail corruption crime de blasio really hard schedule wise,nyc
hiring someone pull public record clerk,hiring someone pull public record clerk,nyc
look wall vehicle along ave outside trump tower even see street almost look full scale military operation bizarre,look wall vehicle along ave outside trump tower even see street almost look full scale military operation bizarre,nyc
hire licensed selling broker flat fee,hire licensed selling broker flat fee,nyc
twin tower,twin tower,nyc
metro ticket,metro ticket,nyc
shoe,shoe,nyc
metro north station park,metro north station park,nyc
central park permit,central park permit,nyc
dated crazy girl miss,dated crazy girl miss,nyc
better none,better none,nyc
ever happened manolo cabeza de huevo,ever happened manolo cabeza de huevo,nyc
thrift shopping clothes,thrift shopping clothes,nyc
say burger town,say burger town,nyc
difference civic corp service corp,difference civic corp service corp,nyc
special trip daughter,special trip daughter,nyc
human uber life without dream,human uber life without dream,nyc
would interested single group,would interested single group,nyc
fare evasion summons,fare evasion summons,nyc
booming sound manhattan,booming sound manhattan,nyc
doe jackie robinson museum going open,doe jackie robinson museum going open,nyc
super odd icelandic hot dog,super odd icelandic hot dog,nyc
yorkers difference seen caping product since ban selling anymore,yorkers difference seen caping product since ban selling anymore,nyc
difference noticed vaping product since ban,difference noticed vaping product since ban,nyc
software engineer job hunt tip,software engineer job hunt tip,nyc
noticed upcoming event street festival,noticed upcoming event street festival,nyc
trying bar venue manhattan went around year ago,trying bar venue manhattan went around year ago,nyc
thought early,thought early,nyc
rent car service manhattan,rent car service manhattan,nyc
phone kill,phone kill,nyc
help trying person,help trying person,nyc
got call casual dickwad driving rsd yesterday,got call casual dickwad driving rsd yesterday,nyc
help buying nj transit bus ticket app,help buying nj transit bus ticket app,nyc
brooklyn manhattan queen bronx,brooklyn manhattan queen bronx,nyc
found lost key amp earbuds g train,found lost key amp earbuds g train,nyc
found ring,found ring,nyc
psa check unit meter bill unusual coned charged x normal gas use mistake,psa check unit meter bill unusual coned charged x normal gas use mistake,nyc
int l soros child rape ring backed pres trump billion bribe pelosi rec b ensure safe passage border rapist include obama schumer cuomo buttgieg deblasio dorsey theil bmurray billion payoff death rape buffalo jan listen,int l soros child rape ring backed pres trump billion bribe pelosi rec b ensure safe passage border rapist include obama schumer cuomo buttgieg deblasio dorsey theil bmurray billion payoff death rape buffalo jan listen,nyc
editorial board,editorial board,nyc
hello everyone small bunch clothes jean belt variable using would sell quick cash way sell store doe live queen,hello everyone small bunch clothes jean belt variable using would sell quick cash way sell store doe live queen,nyc
sample spice blend,sample spice blend,nyc
getting nd postponement jury duty centre street,getting nd postponement jury duty centre street,nyc
medical card,medical card,nyc
see fall foliage,see fall foliage,nyc
buy heart dog stuffed toy replace lost daughter,buy heart dog stuffed toy replace lost daughter,nyc
manhattan library open ish,manhattan library open ish,nyc
idea mta open voluntary program help clean station guide incentive reduced fare free ride actual worker could focus cleaning complex wall actual cart,idea mta open voluntary program help clean station guide incentive reduced fare free ride actual worker could focus cleaning complex wall actual cart,nyc
int l soros child rape ring backed pres trump billion bribe pelosi rec b ensure safe passage border rapist include obama schumer cuomo buttgieg deblasio dorsey theil bmurray billion payoff death rape buffalo jan listen,int l soros child rape ring backed pres trump billion bribe pelosi rec b ensure safe passage border rapist include obama schumer cuomo buttgieg deblasio dorsey theil bmurray billion payoff death rape buffalo jan listen,nyc
vote five proposal ballot,vote five proposal ballot,nyc
suggest state fair,suggest state fair,nyc
internet service provider open competition spectrum optimum,internet service provider open competition spectrum optimum,nyc
free bombay bicycle club ticket tonight,free bombay bicycle club ticket tonight,nyc
altice mobile mo unlimited,altice mobile mo unlimited,nyc
shoe shine,shoe shine,nyc
high school discord,high school discord,nyc
negative gruesome post trying make stay away,negative gruesome post trying make stay away,nyc
halloween event,halloween event,nyc
broadway train building,broadway train building,nyc
coney island mid october,coney island mid october,nyc
salsa rooftop bar weekend suggestion,salsa rooftop bar weekend suggestion,nyc
weather march,weather march,nyc
train service sq st hunter pt av direction someone struck train near vernon blvd jackson av,train service sq st hunter pt av direction someone struck train near vernon blvd jackson av,nyc
right take dad rent stabilized lease,right take dad rent stabilized lease,nyc
remember mandatory vaccine school kid thing,remember mandatory vaccine school kid thing,nyc
elected official keep power,elected official keep power,nyc
men winter clothes,men winter clothes,nyc
,,nyc
local commercial worh trip,local commercial worh trip,nyc
dj producer seeking photographer,dj producer seeking photographer,nyc
local commercial worth trip,local commercial worth trip,nyc
alison bechdel ticket,alison bechdel ticket,nyc
barber shop salon,barber shop salon,nyc
local library inwood demolished make way affordable housing,local library inwood demolished make way affordable housing,nyc
doe pizza,doe pizza,nyc
nycfc play,nycfc play,nyc
cousin wife got unvaccinated kid back school,cousin wife got unvaccinated kid back school,nyc
eats,eats,nyc
manhattan see rocky horror picture show,manhattan see rocky horror picture show,nyc
blood plasma donation money,blood plasma donation money,nyc
visiting manhattan dec,visiting manhattan dec,nyc
safety tip single woman,safety tip single woman,nyc
entenmann cooky,entenmann cooky,nyc
vinyl printer cutter near midtown manhattan,vinyl printer cutter near midtown manhattan,nyc
cop fire truck herald sq,cop fire truck herald sq,nyc
tai chi instruction practice,tai chi instruction practice,nyc
expensive restaurant food definition expensive meal alone lt,expensive restaurant food definition expensive meal alone lt,nyc
halloween flash tattoo,halloween flash tattoo,nyc
suggestion drinking,suggestion drinking,nyc
legal jump turnstile student lot student metro card,legal jump turnstile student lot student metro card,nyc
friendly reminder voter registration deadline still october registered voter change party affiliation february,friendly reminder voter registration deadline still october registered voter change party affiliation february,nyc
free web design fitness trainer real estate broker network marketer blog online portfolio consultant mlm influencers,free web design fitness trainer real estate broker network marketer blog online portfolio consultant mlm influencers,nyc
unauthorized person lirr rail woodside struck train,unauthorized person lirr rail woodside struck train,nyc
fiericon,fiericon,nyc
rent able game room,rent able game room,nyc
suggestion something tonight despite rain,suggestion something tonight despite rain,nyc
int l soros child rape ring backed pres trump billion bribe pelosi rec b ensure safe passage border rapist include obama schumer cuomo buttgieg deblasio dorsey theil bmurray billion payoff death rape buffalo jan listen,int l soros child rape ring backed pres trump billion bribe pelosi rec b ensure safe passage border rapist include obama schumer cuomo buttgieg deblasio dorsey theil bmurray billion payoff death rape buffalo jan listen,nyc
got first job im taxed,got first job im taxed,nyc
gmar chatima tova meaningful fast observing yom kippur,gmar chatima tova meaningful fast observing yom kippur,nyc
taking toddler first,taking toddler first,nyc
queen resident ashamed,queen resident ashamed,nyc
way help setting tv soundbar situation,way help setting tv soundbar situation,nyc
formula store,formula store,nyc
earthquake,earthquake,nyc
story hurricane sandy,story hurricane sandy,nyc
co op purchase loan commitment letter long doe take secure,co op purchase loan commitment letter long doe take secure,nyc
recruiting non native english speaker research using vr device,recruiting non native english speaker research using vr device,nyc
landlord notified police someone dy property,landlord notified police someone dy property,nyc
power supplier,power supplier,nyc
health insurance,health insurance,nyc
construction bruckner expressway viaduct near rfk bridge bronx,construction bruckner expressway viaduct near rfk bridge bronx,nyc
moving sd suggestion,moving sd suggestion,nyc
scam call saying spectrum let,scam call saying spectrum let,nyc
use service really important job save contact info,use service really important job save contact info,nyc
chinatown dupe,chinatown dupe,nyc
serious happy possible universal healthcare serious,serious happy possible universal healthcare serious,nyc
sketchy thing money,sketchy thing money,nyc
video fight assault g last night,video fight assault g last night,nyc
homeless night hang free,homeless night hang free,nyc
seeking interview participant remote person,seeking interview participant remote person,nyc
found turtle backyard nobody want afford take care advice,found turtle backyard nobody want afford take care advice,nyc
donating baby clothes,donating baby clothes,nyc
protest square rn,protest square rn,nyc
giuliani effective mayor pre,giuliani effective mayor pre,nyc
swing arm much walking subway,swing arm much walking subway,nyc
liquor license party,liquor license party,nyc
,,nyc
create account,create account,nyc
living alone,living alone,nyc
penn station missed connection please help,penn station missed connection please help,nyc
resource illegal immigrant neighbor kid food,resource illegal immigrant neighbor kid food,nyc
cheap eats local first visitor,cheap eats local first visitor,nyc
saturday board game brunch katch astoria,saturday board game brunch katch astoria,nyc
basically zero hotel nj weekend going saturday,basically zero hotel nj weekend going saturday,nyc
launch minute tirade someone bump subway,launch minute tirade someone bump subway,nyc
interaction mta bus driver morning,interaction mta bus driver morning,nyc
calling based classic world warcraft player,calling based classic world warcraft player,nyc
doe anybody kind company name grad bootcamps appacademy fullstack academy placed,doe anybody kind company name grad bootcamps appacademy fullstack academy placed,nyc
doe chinatown feel hong kong,doe chinatown feel hong kong,nyc
unique reasonable head shop manhattan,unique reasonable head shop manhattan,nyc
wash sq,wash sq,nyc
tv meteorologist dignity,tv meteorologist dignity,nyc
agree first person train station genius absolute winner,agree first person train station genius absolute winner,nyc
black friday protest trump,black friday protest trump,nyc
mario cuomo governor,mario cuomo governor,nyc
would interested ticket nighs cursed child,would interested ticket nighs cursed child,nyc
recruiting italian portuguese accent english speaker virtual reality research,recruiting italian portuguese accent english speaker virtual reality research,nyc
telephone operator knew cross street,telephone operator knew cross street,nyc
used watch shop,used watch shop,nyc
temp part job,temp part job,nyc
honestly ridiculous single sick passenger could keep thousand stuck,honestly ridiculous single sick passenger could keep thousand stuck,nyc
fall foliage status central park week oct,fall foliage status central park week oct,nyc
favorite bbq,favorite bbq,nyc
help lady kurdistan,help lady kurdistan,nyc
freeman st train investment,freeman st train investment,nyc
access rooftop manhattan short film shoot,access rooftop manhattan short film shoot,nyc
redditors empire state building currently walking towards elevator clip entertaining back construction worker doe clip actual movie curious,redditors empire state building currently walking towards elevator clip entertaining back construction worker doe clip actual movie curious,nyc
community interested bushwick apartment amp townhouses,community interested bushwick apartment amp townhouses,nyc
search rolling loud wristband,search rolling loud wristband,nyc
month cancellation mj musical back path broadway,month cancellation mj musical back path broadway,nyc
winter make crappy weather,winter make crappy weather,nyc
doe lirr exist rant,doe lirr exist rant,nyc
urgent advice needed regarding jfk airport changing terminal,urgent advice needed regarding jfk airport changing terminal,nyc
renewing apartment lease,renewing apartment lease,nyc
found silver men wedding band ring near flatiron bldg madison square park,found silver men wedding band ring near flatiron bldg madison square park,nyc
visiting living helicopter fly jfk enjoy poolside afternoon overlooking airplane jfk runaway super affordable,visiting living helicopter fly jfk enjoy poolside afternoon overlooking airplane jfk runaway super affordable,nyc
lt maintaining job living advice,lt maintaining job living advice,nyc
suggestion,suggestion,nyc
app tell crime,app tell crime,nyc
calling nycha housing resident please take survey,calling nycha housing resident please take survey,nyc
pro hong kong rally tomorrow manhattan,pro hong kong rally tomorrow manhattan,nyc
happened loudspeaker poster warning battery park ticket scammer,happened loudspeaker poster warning battery park ticket scammer,nyc
playground neighborhood open pm bathroom locked pm,playground neighborhood open pm bathroom locked pm,nyc
fuck lasership,fuck lasership,nyc
activity birthday without leave,activity birthday without leave,nyc
cunningham park driving test,cunningham park driving test,nyc
notify nypd activity heavy presence emergency personnel nd ave e nd east rd,notify nypd activity heavy presence emergency personnel nd ave e nd east rd,nyc
throwing furniture,throwing furniture,nyc
professional fix iphone front back top glass screen,professional fix iphone front back top glass screen,nyc
trump backing soros child rape ring billion bribe pelosi bil ensure safe passage border rapist include obama schumer cuomo buttgieg diblasio thiel dorsey bill murray death rape buffalo jan billion payoff listen,trump backing soros child rape ring billion bribe pelosi bil ensure safe passage border rapist include obama schumer cuomo buttgieg diblasio thiel dorsey bill murray death rape buffalo jan billion payoff listen,nyc
worker government payroll portraiture project,worker government payroll portraiture project,nyc
android developer,android developer,nyc
rat swam toilet morning concerned,rat swam toilet morning concerned,nyc
homeless student want hear story,homeless student want hear story,nyc
live without working full salaried job,live without working full salaried job,nyc
u open,u open,nyc
vampire weekend ticket tonight msg,vampire weekend ticket tonight msg,nyc
tourist getting around,tourist getting around,nyc
cell service,cell service,nyc
trump backedsoros child rape ring billion bribe pelosi bil ensure safe passage border rapist include obama schumer cuomo buttgieg deblasio thiel dorsey bill murray death rape buffalo jan billion payoff listen,trump backedsoros child rape ring billion bribe pelosi bil ensure safe passage border rapist include obama schumer cuomo buttgieg deblasio thiel dorsey bill murray death rape buffalo jan billion payoff listen,nyc
optimum outage bronx,optimum outage bronx,nyc
much earn neighborhood live,much earn neighborhood live,nyc
self employed recommend affordable health insurance option,self employed recommend affordable health insurance option,nyc
legit reggaeton bar club,legit reggaeton bar club,nyc
completely alone,completely alone,nyc
dating luck failure worst date fun story curious hear experience worst date,dating luck failure worst date fun story curious hear experience worst date,nyc
consider pre requisite someone consider real yorker,consider pre requisite someone consider real yorker,nyc
hong kong protest weekend manhattan,hong kong protest weekend manhattan,nyc
happened guy carried raconteur concert tonight,happened guy carried raconteur concert tonight,nyc
mocha kip bay near prospect park,mocha kip bay near prospect park,nyc
start seeking cto technical partner,start seeking cto technical partner,nyc
ufc,ufc,nyc
yorkers help u flip virginia blue,yorkers help u flip virginia blue,nyc
phantom opera ticket pm,phantom opera ticket pm,nyc
advice living apartment free landlord failed send u lease renewal,advice living apartment free landlord failed send u lease renewal,nyc
rent risen every year,rent risen every year,nyc
trump backing soros child rape ring billion bribe pelosi bil ensure safe passage border rapist include obama schumer cuomo buttgieg deblasio thiel dorsey bill murray death rape buffalo jan billion payoff listen,trump backing soros child rape ring billion bribe pelosi bil ensure safe passage border rapist include obama schumer cuomo buttgieg deblasio thiel dorsey bill murray death rape buffalo jan billion payoff listen,nyc
usps worker,usps worker,nyc
kosher schwarma,kosher schwarma,nyc
buy oriental rug,buy oriental rug,nyc
trump back soros child rape ring billion bribe pelosi bil ensure safe passage border rapist include bama schumer cuomo buttgieg deblasio thiel dorsey bill murray death rape buffalo jan billion payoff listen,trump back soros child rape ring billion bribe pelosi bil ensure safe passage border rapist include bama schumer cuomo buttgieg deblasio thiel dorsey bill murray death rape buffalo jan billion payoff listen,nyc
sincere world anywhere consistent weather,sincere world anywhere consistent weather,nyc
cop weed queen astoria,cop weed queen astoria,nyc
lost passport cab soho,lost passport cab soho,nyc
sleep accident,sleep accident,nyc
rage fury street personal encounter maniac,rage fury street personal encounter maniac,nyc
engagement photographer indoors,engagement photographer indoors,nyc
doe r train stop running weekday,doe r train stop running weekday,nyc
buy cheapest cigarette bushwick brooklyn myrtle ave wyckoff,buy cheapest cigarette bushwick brooklyn myrtle ave wyckoff,nyc
motherfucker conduct phone conversation subway,motherfucker conduct phone conversation subway,nyc
lgbtq scene club night flushing queen,lgbtq scene club night flushing queen,nyc
trying watch game via legal stream,trying watch game via legal stream,nyc
bronx paramedic ambulance night crew took hospital last night thank hip cool helpful,bronx paramedic ambulance night crew took hospital last night thank hip cool helpful,nyc
w street tower look shit,w street tower look shit,nyc
landlord asking move south brooklyn year would move given situation,landlord asking move south brooklyn year would move given situation,nyc
doe experience building furniture apartment,doe experience building furniture apartment,nyc
french speaking tour leaving,french speaking tour leaving,nyc
doe siren minute ago,doe siren minute ago,nyc
wts ar amp h amp magpul pmags internal block damage,wts ar amp h amp magpul pmags internal block damage,nyc
dispute parking ticket,dispute parking ticket,nyc
chinese speaking pest flea control,chinese speaking pest flea control,nyc
helped got jumped williamsburg last night thank,helped got jumped williamsburg last night thank,nyc
shitposts becoming frequent sub,shitposts becoming frequent sub,nyc
rcn advertised,rcn advertised,nyc
kind radiator,kind radiator,nyc
safe wear maga hat,safe wear maga hat,nyc
commuter town live outside young couple,commuter town live outside young couple,nyc
motorcycle must seen crossing manhattan queensboro bridge,motorcycle must seen crossing manhattan queensboro bridge,nyc
happened south ozone park afternoon,happened south ozone park afternoon,nyc
steak manhattan cheap decent price,steak manhattan cheap decent price,nyc
brooklyn cyclone win away penn league championship,brooklyn cyclone win away penn league championship,nyc
spontaneous visit suggestion,spontaneous visit suggestion,nyc
getting state id document,getting state id document,nyc
wtc double beam light lit right,wtc double beam light lit right,nyc
friday tattoo lower manhattan bk,friday tattoo lower manhattan bk,nyc
catwalk glada hudik,catwalk glada hudik,nyc
coffee shop bar combo,coffee shop bar combo,nyc
tool necessary address homelessness try,tool necessary address homelessness try,nyc
random friend,random friend,nyc
live,live,nyc
thrift shop,thrift shop,nyc
south bronx still look job listing newspaper outdated much,south bronx still look job listing newspaper outdated much,nyc
f travelling alone,f travelling alone,nyc
rat columbus circle,rat columbus circle,nyc
chocolate chip muffin,chocolate chip muffin,nyc
trump back int l soros child rape ring billion bribe pelosi paid b ensure safe passage border rapist include bama schumer cuomo buttgieg deblasio thiel dorsey bill murray death rape buffalony jan billion payoff listen,trump back int l soros child rape ring billion bribe pelosi paid b ensure safe passage border rapist include bama schumer cuomo buttgieg deblasio thiel dorsey bill murray death rape buffalony jan billion payoff listen,nyc
fingerprint done federal work,fingerprint done federal work,nyc
coolest thing found thrown away,coolest thing found thrown away,nyc
trump back int l soros child rape ring billion bribe pelosi paid b ensure safe passage border rapist include bama schumer cuomo buttgieg deblasio thiel dorsey bill murray death rape buffalonyjan billion payoff listen,trump back int l soros child rape ring billion bribe pelosi paid b ensure safe passage border rapist include bama schumer cuomo buttgieg deblasio thiel dorsey bill murray death rape buffalonyjan billion payoff listen,nyc
else afraid jump front subway,else afraid jump front subway,nyc
job available,job available,nyc
learn butterfly kick,learn butterfly kick,nyc
trump back intl soros child rape ring billion bribe pelosi paid b ensure safe passage border rapist include bama schumer cuomo buttgieg deblasio thiel dorsey bill murray death rape buffalony jan billion payoff listen,trump back intl soros child rape ring billion bribe pelosi paid b ensure safe passage border rapist include bama schumer cuomo buttgieg deblasio thiel dorsey bill murray death rape buffalony jan billion payoff listen,nyc
k per month dumpster space,k per month dumpster space,nyc
staten island blow final,staten island blow final,nyc
doe keep aquarium water,doe keep aquarium water,nyc
bodega corner store make money,bodega corner store make money,nyc
body double needed,body double needed,nyc
retain sanity subway,retain sanity subway,nyc
worse user experience daily news website,worse user experience daily news website,nyc
fake news,fake news,nyc
madison square parade,madison square parade,nyc
rn pay,rn pay,nyc
young autistic boy assaulted homeless,young autistic boy assaulted homeless,nyc
spot,spot,nyc
subway accordionist,subway accordionist,nyc
hi r discounted dental treatment,hi r discounted dental treatment,nyc
use electric scooter,use electric scooter,nyc
vape causing illness,vape causing illness,nyc
verizon dsl,verizon dsl,nyc
jfk alternative parking,jfk alternative parking,nyc
pokemon player work upper east nike store,pokemon player work upper east nike store,nyc
stand migrant p caveat headliner dulce sloan daily show,stand migrant p caveat headliner dulce sloan daily show,nyc
trump back intl soros child rape ring billion bribe pelosi paid b ensure safe passage border rapist include bama schumer cuomo buttgeig deblasio thiel dorsey bill murray death rape buffalony jan billion payoff listen,trump back intl soros child rape ring billion bribe pelosi paid b ensure safe passage border rapist include bama schumer cuomo buttgeig deblasio thiel dorsey bill murray death rape buffalony jan billion payoff listen,nyc
fyi many trump supporter white supremacist care admit,fyi many trump supporter white supremacist care admit,nyc
grid locking ticket,grid locking ticket,nyc
indoor wedding photo queen,indoor wedding photo queen,nyc
interesting photo spot,interesting photo spot,nyc
help migraine thc cbd,help migraine thc cbd,nyc
fix cracked iphone ipad broken glass screen,fix cracked iphone ipad broken glass screen,nyc
midst homelessness crisis nimbyism making homeless shelter construction difficult,midst homelessness crisis nimbyism making homeless shelter construction difficult,nyc
near east village safe everyone evacuated affected,near east village safe everyone evacuated affected,nyc
pres trump back int l soros child rape ring billion bribe pelosi paid b ensure safe passage border rapist include bama schumer cuomo buttgieg deblasio thiel dorsey bill murray death rape buffalony jan billion payoff listen,pres trump back int l soros child rape ring billion bribe pelosi paid b ensure safe passage border rapist include bama schumer cuomo buttgieg deblasio thiel dorsey bill murray death rape buffalony jan billion payoff listen,nyc
pet portrait needed,pet portrait needed,nyc
pres trump back int l soros child rape ring billion bribe pelosi paid b ensure safe passage border rapist include bama schumer cuomo buttgieg deblasio thiel dorsey bill murray death rape buffalony jan billion payoff listen,pres trump back int l soros child rape ring billion bribe pelosi paid b ensure safe passage border rapist include bama schumer cuomo buttgieg deblasio thiel dorsey bill murray death rape buffalony jan billion payoff listen,nyc
sugar candy mountain baby right,sugar candy mountain baby right,nyc
help fell love,help fell love,nyc
much money going,much money going,nyc
calling hip hop producer,calling hip hop producer,nyc
whats app track bus arrival,whats app track bus arrival,nyc
base jumping spot,base jumping spot,nyc
think subway map,think subway map,nyc
happy birthday baby,happy birthday baby,nyc
violationinfo scam,violationinfo scam,nyc
shout samaritan,shout samaritan,nyc
tell difference express train local train,tell difference express train local train,nyc
help umbrella hat,help umbrella hat,nyc
wrong,wrong,nyc
fun msg concert,fun msg concert,nyc
subway noob,subway noob,nyc
snowboarder,snowboarder,nyc
subway app,subway app,nyc
life changed,life changed,nyc
nysc elite equinox blink,nysc elite equinox blink,nyc
happened jump bike,happened jump bike,nyc
pres trump back int l soros child rape ring billion bribe pelosi paid b ensure safe passage border rapist include bama schumer cuomo buttgieg deblasio dorsey theil bill murray death rape buffalonyjan billion payoff listen,pres trump back int l soros child rape ring billion bribe pelosi paid b ensure safe passage border rapist include bama schumer cuomo buttgieg deblasio dorsey theil bill murray death rape buffalonyjan billion payoff listen,nyc
thing december,thing december,nyc
selling ticket paper kite concert oct brooklyn,selling ticket paper kite concert oct brooklyn,nyc
happy birthday born,happy birthday born,nyc
terrible driver somehow got license realize share road bikers screaming road driving across street opposite direction logic make u wonder life probably suck may,terrible driver somehow got license realize share road bikers screaming road driving across street opposite direction logic make u wonder life probably suck may,nyc
memory,memory,nyc
enemy,enemy,nyc
whats fastest cheapest way ewr hunter point,whats fastest cheapest way ewr hunter point,nyc
pres trump back int l soros child rape ring billion bribe pelosi paid b ensure safe passage border rapist include bama schumer cuomo buttgieg deblasio thiel dorsey bmurray death rape buffalony jan billion payoff listen,pres trump back int l soros child rape ring billion bribe pelosi paid b ensure safe passage border rapist include bama schumer cuomo buttgieg deblasio thiel dorsey bmurray death rape buffalony jan billion payoff listen,nyc
ever happened earth angel man preached first earth angel found mostly bronx also train,ever happened earth angel man preached first earth angel found mostly bronx also train,nyc
victim violent physical assault last night help identifying two men gathering info,victim violent physical assault last night help identifying two men gathering info,nyc
working shelter requires care saas tutorial learn tutorial,working shelter requires care saas tutorial learn tutorial,nyc
selling two tix mika bowery tomorrow,selling two tix mika bowery tomorrow,nyc
number street preacher yelling god rapture subway gone dramatically past week,number street preacher yelling god rapture subway gone dramatically past week,nyc
pres trump backing int l soros child rape ring billion bribe pelosi paid b ensure safe passage border rapist include obama schumer cuomo buttgieg deblasio thiel dorsey bmurray death rape buffalony jan billion payoff listen,pres trump backing int l soros child rape ring billion bribe pelosi paid b ensure safe passage border rapist include obama schumer cuomo buttgieg deblasio thiel dorsey bmurray death rape buffalony jan billion payoff listen,nyc
dream,dream,nyc
marketing medium professional amp foodie influencer event wework brooklyn,marketing medium professional amp foodie influencer event wework brooklyn,nyc
jones beach quickly,jones beach quickly,nyc
butcher recommendation,butcher recommendation,nyc
first condo mortgage advice,first condo mortgage advice,nyc
